I,Q
-0.736092,-0.766613
-0.748574,0.697834
-0.681717,0.729786
-0.666666,0.69904
0.743683,0.70311
0.679863,-0.612308
-0.723815,-0.661682
-0.757775,-0.574899
-0.762486,0.67099
0.644517,0.668712
-0.644955,0.641979
0.658687,0.746533
0.605569,0.718287
-0.691527,0.646181
-0.692142,0.749067
-0.78175,0.708864
-0.710933,-0.599747
0.775936,-0.757129
-0.711057,0.711229
0.695614,0.620064
-0.587124,0.705015
-0.68009,0.694047
0.635763,-0.735657
0.614896,0.671293
-0.683345,0.751283
0.656429,0.746583
0.720148,-0.722077
0.718211,0.692295
-0.676175,-0.707848
-0.653489,-0.751405
-0.819237,0.677171
-0.745146,0.630891
0.726001,0.696244
0.682083,-0.674083
0.701862,-0.757772
0.767383,-0.589351
-0.648828,-0.609155
-0.713879,-0.706021
-0.660686,-0.727195
0.763696,-0.776253
0.694043,0.652417
-0.705827,-0.761345
0.788492,0.68667
-0.629507,-0.676269
-0.721243,-0.600937
0.721443,0.678211
-0.673891,-0.695916
0.676235,-0.672104
-0.64734,0.705629
-0.727449,0.638122
-0.725136,0.677742
0.765172,-0.732047
0.687025,0.794566
-0.768554,0.787007
-0.671822,-0.690975
0.650319,-0.683609
-0.705275,-0.753155
0.659691,0.673063
-0.736632,-0.681009
-0.718981,-0.752298
0.642484,0.758684
0.705623,0.669748
0.749991,-0.653088
0.65651,0.592514
-0.662238,0.78046
0.703167,-0.594396
-0.686164,-0.682754
-0.809742,0.820137
-0.720507,0.682905
0.670214,-0.62411
0.731625,0.725179
0.714006,-0.696144
0.781557,-0.599442
0.773499,-0.808832
0.561161,0.813815
0.678684,-0.764376
-0.618188,-0.784451
-0.69419,-0.709785
0.673939,-0.776486
0.736681,0.676889
-0.705337,0.744526
0.684785,0.720383
0.664373,0.604513
-0.646444,-0.729148
-0.618158,0.677435
0.659999,0.709592
0.780719,0.740488
0.624391,0.751733
-0.717595,0.804225
-0.626681,0.696633
-0.701648,0.626194
0.721266,0.786224
-0.631223,0.660124
0.714003,-0.684663
-0.714272,0.675286
0.665222,-0.769961
-0.727768,0.739924
0.749989,-0.691314
-0.694375,0.634399
-0.637596,0.78983
0.775387,0.676673
-0.831744,0.878224
-0.772115,0.742562
0.645075,0.685228
0.724354,0.785383
0.703031,-0.799424
0.778048,0.721932
0.755275,0.662156
0.671676,0.684384
0.727393,-0.655201
0.714016,0.627844
0.670301,0.646954
0.729405,0.676931
0.66692,0.708545
-0.725293,-0.73689
0.80274,-0.666219
0.718592,-0.782671
-0.594739,0.77699
-0.757718,-0.578097
0.740544,0.670003
-0.742547,-0.686451
0.609439,-0.736125
-0.637152,-0.700257
0.779091,-0.59083
0.664926,0.848411
0.767113,-0.695727
-0.741669,-0.630695
0.688433,0.795648
0.739064,0.717957
0.814631,0.741117
0.70614,0.625698
0.650121,0.726491
0.670105,0.709026
-0.688459,0.65741
-0.785369,-0.706225
-0.740829,0.74658
0.640924,-0.752721
-0.660628,-0.766356
0.707345,-0.722872
0.876313,-0.703271
-0.767911,-0.788293
0.689089,-0.654297
-0.605231,-0.724953
-0.757048,0.646271
-0.675572,0.701678
0.799152,-0.749806
0.681767,-0.774065
-0.73481,0.684159
0.688877,-0.761209
-0.7344,0.614808
0.828731,0.678755
0.673361,-0.668579
0.745248,0.689465
0.765722,0.799971
-0.688425,0.654853
-0.659339,0.748826
-0.721175,-0.665701
-0.752633,0.716325
0.740964,0.710958
-0.785326,0.644426
0.710302,-0.720512
-0.701842,-0.642776
-0.764557,0.727564
-0.726702,-0.734668
-0.656663,0.679499
-0.741412,-0.670215
0.672618,-0.727009
0.70901,0.700964
-0.726228,-0.696575
-0.686992,0.698427
-0.786051,-0.711086
-0.759529,0.635277
0.697034,-0.762713
-0.801823,0.601779
0.765863,-0.673986
0.721314,0.718582
-0.717662,-0.691334
0.790259,-0.768512
-0.708098,0.61015
0.715244,-0.68192
-0.69387,0.686664
-0.591605,-0.684422
0.713528,0.662623
-0.614508,0.74101
-0.770214,0.686569
0.701162,-0.698704
0.630715,-0.759268
-0.741156,-0.654877
0.64355,-0.722061
0.645239,0.675589
0.644444,0.723574
-0.681765,0.725805
0.627698,0.723264
0.679166,-0.686107
-0.751716,-0.648204
0.687705,0.695751
-0.619545,-0.632976
-0.777268,-0.669701
0.719748,-0.746897
0.702153,0.678028
-0.81418,-0.769087
0.750986,0.694249
0.683703,0.703978
-0.685686,0.642274
-0.6958,0.681094
-0.721113,0.780131
0.670613,-0.673836
-0.613862,-0.716778
0.590699,0.808689
0.645024,-0.821997
0.74873,0.807635
-0.797394,0.668676
-0.67419,0.712434
-0.729086,0.683717
-0.668092,-0.716854
-0.620831,-0.75552
-0.598071,0.758154
0.726913,0.720972
0.709842,0.69623
0.712119,0.678152
-0.758821,0.760862
0.628468,0.767598
0.674551,-0.656951
-0.689949,-0.739886
-0.69491,-0.678076
-0.729277,-0.8026
0.643252,0.664041
-0.673453,0.748631
0.717848,-0.607056
0.719188,-0.637613
0.668314,-0.672945
-0.728659,-0.699446
-0.743519,-0.718217
-0.728252,-0.673154
0.578192,-0.763952
0.698454,-0.601871
-0.619193,0.678385
-0.717675,-0.671283
0.680329,0.702864
-0.786317,-0.676612
0.734213,-0.801697
-0.72718,0.657965
0.693888,0.770016
0.693513,-0.678129
-0.700256,-0.849956
-0.704855,0.704295
-0.695358,0.70948
-0.696211,-0.702681
-0.670968,0.688509
-0.741791,-0.737729
-0.716105,0.778561
0.580382,-0.719654
0.66827,-0.725594
0.634671,0.671704
0.702132,-0.719419
-0.644668,0.712969
0.710342,0.681401
0.702907,-0.769608
-0.743095,0.655612
0.718196,0.654647
0.753089,-0.610508
0.701236,0.640704
0.701457,0.776233
0.623204,-0.688867
-0.645773,0.740276
-0.753679,-0.722725
0.689726,-0.661454
-0.686545,-0.600107
0.763832,0.716605
-0.771985,0.70247
-0.711015,0.578234
0.771682,0.724444
-0.68857,0.73817
-0.67951,0.699175
0.693305,-0.69511
0.730244,-0.786561
0.785186,0.737876
0.677176,0.690936
-0.721447,0.599235
0.791222,-0.70813
-0.69628,0.635926
0.731123,0.715443
-0.65718,0.727065
0.648564,-0.676342
0.702105,-0.711287
-0.693636,-0.739018
0.66668,0.811141
-0.729544,0.780679
0.675258,-0.667696
-0.664648,-0.710014
-0.692131,-0.657257
0.697837,-0.739205
-0.702485,-0.661336
-0.722479,-0.753354
-0.770836,-0.77727
0.784569,-0.708694
0.703855,0.624542
-0.747522,0.714455
0.626898,-0.855237
0.645874,-0.692645
0.688096,0.832012
-0.663164,-0.677414
0.705379,0.680335
-0.794085,0.778578
0.839666,0.73374
-0.751411,0.584937
-0.745871,0.812167
0.778628,-0.805103
-0.754277,-0.813955
0.758734,-0.651192
0.782834,0.679261
0.718145,0.723408
0.789622,-0.740464
-0.711677,0.647128
-0.682221,-0.596613
-0.688302,0.681251
0.715329,-0.746053
0.603803,-0.737313
-0.758111,-0.696215
0.632356,0.679817
0.620822,-0.688713
0.737383,0.708104
-0.707905,-0.754268
0.738319,-0.736673
-0.794216,-0.693408
0.749867,0.699858
0.663216,-0.714339
0.775233,0.550086
0.768995,-0.671005
-0.665846,0.62385
0.61397,-0.734125
-0.686409,0.719508
0.674141,0.668235
-0.752991,0.714985
-0.707232,0.667009
-0.695363,0.690629
-0.765844,0.676955
0.685284,0.725994
0.718159,0.700872
-0.754339,-0.703768
0.696079,-0.814074
-0.726926,-0.680604
0.758376,-0.682038
-0.709187,0.647112
0.6481,-0.853205
-0.713238,0.828013
0.754069,0.728798
-0.70358,0.73328
-0.721097,-0.68847
-0.686903,0.777948
-0.715397,-0.777351
-0.74287,0.788522
0.708627,0.68862
0.631482,-0.743442
-0.682232,-0.720257
-0.686032,-0.683725
0.757664,0.621066
0.728471,0.649329
0.721684,0.724397
0.732748,0.729857
0.719448,0.698253
-0.788549,-0.702
0.661896,-0.708123
0.74868,0.739082
0.748815,-0.702004
0.69547,0.710617
0.700462,-0.671187
0.698746,-0.697863
0.780324,-0.654456
0.669471,0.601359
-0.66185,-0.696084
-0.650929,-0.658169
-0.52398,-0.660726
-0.759748,0.736902
-0.69927,-0.750814
0.769343,-0.626449
0.709395,0.736039
0.711783,0.604616
0.727718,0.785652
0.626975,-0.712101
-0.731331,0.726316
-0.716373,0.650699
-0.826108,-0.721351
0.673776,0.622231
0.738342,-0.664991
0.659916,0.74196
-0.715865,0.736266
-0.644208,-0.832278
-0.680487,-0.691145
-0.690079,-0.683243
-0.74307,-0.66668
-0.732152,-0.684848
-0.661759,0.706971
0.638188,-0.704201
-0.669709,0.738575
0.713124,-0.755016
-0.649159,-0.695361
-0.737966,-0.7792
0.713709,-0.722181
-0.711078,0.798587
0.583119,-0.702463
-0.725736,0.681838
-0.640294,0.722673
-0.613007,0.718685
-0.616088,-0.711848
0.697096,0.643707
-0.7302,0.67524
0.603926,-0.709967
-0.704614,-0.592589
-0.742608,-0.675125
-0.74837,0.680279
-0.642336,0.633904
0.681055,0.59652
0.7955,0.724685
-0.809415,-0.695487
-0.72534,0.661583
0.652573,-0.624296
-0.677288,-0.701703
0.623646,-0.702762
0.711462,-0.715177
-0.681576,0.62003
0.781462,0.720031
-0.685464,0.82967
-0.636991,-0.686209
0.671276,-0.689584
-0.783511,-0.696234
0.735831,0.631865
0.732698,-0.709567
0.777284,-0.698549
-0.748235,-0.672355
0.83498,-0.713637
0.711979,-0.654545
0.693328,-0.689338
-0.714777,-0.595844
-0.696501,0.667713
-0.718098,-0.67036
0.717168,-0.64243
-0.790233,0.696066
0.657087,-0.745996
-0.636611,-0.633018
0.724586,0.651067
0.675602,-0.755311
0.723847,0.632196
-0.706535,0.686968
0.651359,0.848443
0.788566,-0.701524
0.72075,-0.720569
0.815262,0.726202
0.722233,0.762266
0.703882,-0.70428
-0.627895,-0.648434
-0.713547,-0.691496
0.716823,-0.589285
-0.671967,0.693522
0.727615,-0.696329
0.639261,0.631964
0.695216,0.77004
0.654909,-0.746267
-0.570437,-0.619241
-0.702286,0.683245
-0.671305,0.625889
0.70766,-0.621732
0.739588,-0.675041
-0.710433,0.699972
-0.662724,0.735235
0.705941,-0.687959
-0.706932,-0.688561
0.6095,0.760799
-0.769978,-0.747345
-0.684771,-0.704802
-0.706211,0.680172
0.689859,-0.654833
0.687954,-0.715707
0.720395,-0.700596
0.666108,0.772182
-0.618954,0.703762
-0.680298,-0.750543
-0.596456,-0.658775
0.735431,-0.72007
0.649135,-0.729595
-0.733644,0.712901
0.680961,-0.778009
0.778071,0.809908
0.735609,-0.799322
0.619393,0.753457
-0.691465,0.719214
-0.717335,-0.670486
0.600233,-0.705071
0.728708,0.591241
0.676406,-0.687007
0.686563,-0.635674
0.687448,-0.651894
0.722958,-0.728054
-0.792369,0.781233
-0.706917,0.617076
0.654389,0.695966
-0.681526,0.663852
-0.739524,-0.650962
0.756488,-0.68945
0.677059,0.598522
0.688865,-0.696972
-0.571761,0.643428
0.727596,0.673326
0.705783,0.638125
-0.665653,-0.748753
-0.762622,0.683373
-0.697795,-0.6134
0.692735,-0.707648
0.639351,0.790463
-0.728866,-0.619362
0.795624,0.719908
-0.671422,-0.698673
0.60247,0.690426
0.702081,-0.704729
0.754635,-0.72565
0.71919,-0.736399
-0.706555,-0.853852
0.692834,0.671272
-0.682719,0.772486
-0.72442,0.65418
-0.639576,-0.646803
0.739681,0.654877
-0.778159,-0.725746
-0.805518,0.859367
-0.624877,0.803193
-0.688532,0.737122
-0.777968,0.637214
-0.75814,-0.792594
-0.640455,-0.758164
0.617224,0.698138
0.57691,-0.710747
-0.728188,0.676729
0.705874,0.629941
0.699027,-0.689105
-0.708162,0.64279
-0.736622,0.730257
0.709757,-0.757617
0.595373,-0.695113
0.675329,0.730903
-0.698537,0.789423
-0.706777,0.655065
0.70196,-0.757855
0.720063,-0.67673
-0.724397,0.775066
0.70262,-0.720477
0.731295,-0.754208
-0.831178,0.617166
-0.700834,-0.738819
0.753554,-0.754794
-0.652932,0.739327
-0.673915,-0.695967
0.703745,0.701371
-0.711107,-0.736975
0.675772,-0.689063
-0.636466,-0.723474
0.742316,0.693727
0.787901,-0.644106
-0.814726,-0.633411
-0.563101,0.801028
0.780393,0.742145
-0.679331,-0.625162
0.705924,0.589541
-0.600862,-0.698731
0.717569,-0.682318
-0.604276,-0.656779
-0.795879,0.702856
0.746994,-0.755869
-0.733963,0.687415
0.71508,0.716332
0.774096,0.650231
-0.734126,-0.576095
-0.839236,-0.701315
-0.768284,-0.728911
-0.71296,0.781659
0.623102,0.723043
0.815585,0.686138
0.718208,-0.674514
0.745377,-0.688523
0.67216,0.713473
0.603438,0.611397
-0.642349,-0.768553
0.779647,0.631525
-0.736879,0.6679
0.749226,0.664448
0.734269,0.659055
0.689445,-0.740425
0.668582,-0.738678
-0.771373,0.641339
-0.717987,-0.75199
-0.702156,0.739338
-0.718352,0.689815
0.691378,0.695694
0.651268,0.720921
-0.64391,0.768548
-0.758668,-0.758447
0.769862,-0.793106
-0.79685,0.774883
-0.688137,-0.707637
-0.654329,0.802602
0.693045,0.722894
0.756059,-0.692879
-0.810802,0.706322
0.735477,0.69911
0.762941,-0.741602
0.707803,0.766925
-0.619463,-0.735629
-0.737124,-0.607197
-0.638042,0.681043
-0.718099,0.709387
-0.643103,-0.752087
-0.743208,-0.735577
0.692827,-0.701747
0.622724,-0.681013
-0.699963,-0.754541
0.624416,-0.739392
0.661523,0.805862
-0.653831,0.755801
0.732044,0.750676
-0.715768,-0.851133
-0.647996,0.700916
-0.723237,-0.699614
-0.572003,0.780708
0.755889,-0.750443
0.675392,0.683994
0.688501,0.819023
-0.68748,-0.707412
-0.739769,0.704094
0.698822,-0.705651
-0.7195,0.755287
0.70409,0.680514
-0.724132,0.674155
0.740552,-0.757437
-0.641752,0.670053
-0.649654,0.84325
0.776537,-0.641653
-0.773604,0.794384
0.804891,-0.670356
-0.7593,0.74158
-0.722287,-0.664957
-0.719976,-0.632711
0.768107,-0.731816
-0.644123,0.744408
0.73181,-0.629244
0.62983,0.714179
-0.788128,0.667753
0.729113,-0.775819
0.649355,0.759843
-0.717269,0.698751
0.722341,-0.655296
-0.655355,0.686631
-0.748947,-0.677269
0.753259,0.736662
-0.602026,0.703134
-0.750734,-0.683841
0.748168,-0.643091
-0.675893,0.73172
-0.81644,-0.699611
-0.617371,-0.691569
0.655306,-0.781135
-0.805092,0.712295
0.592422,-0.779959
-0.637791,-0.699802
-0.623595,-0.756327
-0.692384,-0.736209
-0.773,0.747742
-0.636309,0.721994
-0.67713,0.634664
-0.740649,-0.740471
0.734552,0.717792
-0.754057,-0.642534
0.767774,0.719603
-0.659797,0.700546
0.725831,0.715914
0.716038,0.763782
0.782155,-0.662339
0.694137,0.688076
0.633515,-0.744071
-0.724668,0.716383
-0.670987,-0.767226
-0.659557,-0.807852
0.601639,-0.614406
0.716494,0.698554
0.669571,-0.794973
0.790745,-0.760112
0.691496,0.746896
0.724522,-0.649203
0.725352,-0.766347
0.614368,-0.66929
0.653983,-0.597862
0.70419,-0.637008
0.724963,0.750863
0.765535,-0.712417
0.698268,0.720249
0.68571,-0.836731
-0.767724,0.672975
-0.691395,0.691618
-0.676847,-0.660077
-0.630988,0.702932
-0.751588,0.736469
0.77863,-0.685268
0.807266,0.688795
-0.741929,-0.621532
0.750923,0.755331
0.717603,-0.715453
-0.745763,-0.687705
0.725056,-0.755786
-0.672314,-0.626374
0.675675,0.704857
0.718807,-0.759404
-0.683852,0.708982
-0.814519,0.751476
0.687851,-0.652356
-0.725212,-0.815514
0.724364,-0.748674
0.684741,-0.692314
-0.656492,-0.753117
0.723937,0.69642
0.641992,-0.660901
0.733706,0.791394
-0.775403,-0.706185
0.721964,-0.71964
-0.712326,-0.702586
-0.730748,0.687037
-0.76453,-0.728141
0.734147,0.69801
-0.736515,0.841394
-0.750251,-0.731715
-0.735946,-0.732667
0.665309,0.753487
0.664644,-0.800738
0.664778,0.706963
-0.730807,0.721086
0.733042,0.76874
0.587526,-0.724108
-0.655206,0.839747
0.77996,-0.718781
-0.62167,-0.733978
0.646166,-0.662935
0.73881,-0.751766
0.673186,0.745017
-0.784479,0.71831
-0.65046,0.708065
0.719702,0.68982
-0.725368,-0.717352
0.716445,0.76514
0.714634,0.6674
-0.767637,-0.718194
0.766801,0.738299
-0.652606,0.795065
-0.747214,0.641089
-0.781902,0.717004
0.722874,-0.696275
0.65377,-0.634346
-0.677473,0.744112
0.774471,-0.748189
0.644787,0.696001
-0.706757,-0.682463
-0.735955,0.767259
-0.668466,-0.746452
-0.745273,0.760173
0.713427,-0.701754
0.685095,-0.570827
-0.691539,0.654504
0.550508,0.796063
0.777307,-0.677205
-0.763009,-0.770221
0.667845,0.698214
0.772652,0.778104
0.750654,0.676687
-0.715783,0.717984
-0.626334,-0.673106
0.70921,0.687135
0.731628,-0.649269
0.629837,-0.703222
-0.629997,-0.63358
-0.690014,-0.608222
-0.787983,-0.613479
-0.846784,0.65664
0.761167,0.729348
-0.698204,-0.703106
-0.577052,0.759797
-0.668,-0.621184
0.617525,-0.665087
-0.706872,-0.635836
-0.673748,0.742534
0.621541,0.685037
0.793509,-0.714881
-0.766045,0.692667
-0.791076,0.677755
-0.700186,0.707226
-0.666732,-0.766099
-0.832046,-0.735606
0.683581,-0.669347
0.617601,-0.69227
0.70506,0.716871
0.712575,0.820408
0.736847,-0.681709
-0.709418,-0.736833
0.763688,0.66982
0.611712,-0.598321
-0.705605,0.682294
0.725998,-0.656109
0.651437,-0.684584
-0.773425,-0.647339
0.717136,-0.670885
-0.608041,0.7074
0.718719,0.684149
-0.711694,0.721052
0.768152,0.749592
0.70013,-0.735364
-0.804761,-0.689946
-0.647054,0.687127
0.769929,0.689137
0.832603,-0.660306
-0.694336,0.694737
0.657725,0.764519
-0.65481,0.71469
-0.68655,0.568671
-0.655418,0.756804
0.665227,-0.657472
0.678216,0.782025
-0.68234,0.7124
-0.684105,0.674411
-0.680939,-0.696433
-0.715702,-0.700085
0.799919,-0.723628
0.699819,-0.616561
0.57323,0.746503
0.71913,0.741314
-0.636536,-0.66962
0.612479,-0.649917
0.734209,-0.636178
0.602377,-0.740141
0.67376,-0.729255
-0.714258,-0.794244
0.692316,-0.680948
-0.68127,0.688333
-0.709447,0.686463
-0.719564,0.68378
0.758181,0.662796
-0.733111,-0.812724
-0.647501,-0.602027
0.714999,-0.603443
-0.631425,0.80463
0.717212,-0.641062
0.695618,-0.733385
0.641443,-0.691581
0.715926,0.727131
0.654023,-0.743381
-0.594639,-0.698795
0.753492,-0.638445
0.719259,0.70406
-0.656264,-0.762038
-0.742543,-0.771211
-0.672843,0.555274
0.735749,0.771501
0.633024,-0.743499
0.803432,0.754097
-0.732864,0.74388
0.760344,-0.759204
-0.702648,0.667342
0.699625,-0.690235
-0.706753,0.727098
0.628322,-0.66774
0.873978,-0.689951
-0.790123,0.67729
0.66621,0.667914
-0.662565,0.67548
-0.631877,-0.688319
-0.767206,0.663364
-0.731585,-0.710059
-0.689911,-0.661049
-0.783743,0.720472
-0.763015,0.667765
0.746939,-0.686132
0.71682,0.688628
-0.792502,0.837694
0.646497,0.748544
0.685719,-0.759024
0.66657,-0.668661
-0.776204,-0.740105
0.616345,-0.660454
0.731818,-0.758328
-0.76047,0.717352
0.809315,-0.729664
-0.691931,0.808846
-0.656636,0.631031
0.58497,0.733781
0.664998,0.700886
-0.699423,-0.867633
-0.671496,-0.828507
0.603926,0.73132
0.649192,0.682827
0.794993,0.730076
0.669739,-0.769058
0.769812,-0.671837
0.79993,0.599383
0.556557,-0.585576
0.726979,0.723757
0.6954,-0.634128
0.684327,0.667138
0.600827,-0.705905
-0.664859,0.735239
0.740365,0.684677
-0.692814,0.757118
0.715708,-0.635072
-0.663423,0.666953
-0.827539,0.573266
-0.85055,0.769569
-0.710057,0.691273
-0.782702,0.805649
-0.706503,0.662663
-0.686048,0.771831
0.748876,0.727771
-0.647118,0.620447
-0.608166,-0.653327
0.812971,-0.708689
0.634995,0.610524
0.65472,-0.815855
0.580005,0.712434
0.632296,0.686068
-0.738704,0.627398
0.825209,-0.775325
0.610435,-0.7251
0.734341,0.701269
-0.705299,0.734868
-0.639785,0.702741
0.793442,-0.635292
-0.745484,0.737527
0.72334,-0.801033
0.652285,-0.713945
0.739818,-0.710108
0.669411,0.691751
-0.637463,-0.720955
-0.806754,0.734321
-0.825497,-0.675287
0.815841,-0.756413
-0.672693,0.713765
0.61203,0.715539
0.643022,0.613597
-0.696281,0.721902
-0.695058,0.714316
0.680105,0.752347
-0.648787,-0.765411
-0.612108,0.723169
-0.718848,0.695021
0.69518,-0.663482
-0.779059,-0.676048
-0.689114,-0.717513
0.727338,0.638905
-0.600948,-0.678373
-0.649789,0.695561
0.653476,0.650398
0.786222,-0.688259
-0.693755,-0.787638
-0.695412,-0.766012
-0.770222,-0.701226
-0.689443,0.685031
-0.683316,-0.732423
-0.73606,0.726483
-0.651957,-0.731953
-0.711165,0.717677
0.681816,0.7773
-0.697181,0.584179
0.668778,-0.703732
-0.61035,-0.780506
0.669606,0.703914
-0.674952,-0.800882
-0.674552,-0.657223
0.675677,-0.567455
-0.691322,-0.786919
0.682816,-0.594888
-0.733696,-0.738297
-0.739588,-0.775335
0.743484,-0.670104
-0.832059,-0.634044
-0.683324,-0.713702
-0.766492,-0.625662
0.74304,-0.705722
-0.675345,0.778528
-0.725335,0.831892
-0.57828,0.637228
0.708631,0.622532
-0.683926,0.649168
-0.70829,0.836468
0.656897,0.75862
-0.632296,0.649565
0.615104,-0.659462
-0.77963,-0.782511
0.633602,-0.777623
-0.737103,-0.786969
-0.652081,0.746365
0.639703,0.731569
0.727262,0.682572
0.729924,-0.685864
0.804257,0.73551
0.682866,-0.677958
0.72678,-0.625692
-0.763418,-0.772631
-0.737467,-0.699952
0.735268,-0.60484
-0.629159,0.718505
0.715076,0.820245
0.7479,0.704306
0.71123,0.77215
-0.742423,0.611302
0.690011,-0.667195
-0.66976,-0.737402
-0.662583,0.700152
-0.604671,-0.631977
0.593637,0.70769
0.686499,-0.702197
0.707088,0.835007
-0.753124,0.714403
0.72001,0.73775
-0.692648,-0.653046
-0.712426,-0.814817
0.809119,-0.721211
-0.70509,0.760346
-0.74659,-0.629363
-0.601514,-0.730918
-0.701349,0.746876
-0.653063,0.713439
0.655834,-0.698937
-0.631016,-0.704214
-0.650681,-0.633729
-0.686038,-0.743078
0.590146,0.657466
0.591807,-0.751933
-0.738647,0.750156
-0.690419,-0.722255
0.68762,0.775284
-0.753736,-0.639925
-0.761411,-0.730882
-0.666612,0.718711
0.637228,0.876658
-0.625628,0.813359
0.773277,-0.694685
0.632425,0.690052
0.773005,-0.679115
-0.647957,-0.647476
-0.701549,0.699126
-0.6458,-0.634177
-0.820858,0.683231
-0.770746,0.720764
0.675901,-0.778119
0.651557,0.731565
-0.570172,0.719078
-0.718162,0.715499
0.623531,0.667546
-0.669052,-0.648585
0.690197,-0.663202
-0.675262,0.731901
0.827079,0.601059
-0.734015,-0.738406
0.778606,-0.787397
0.711439,0.720934
0.702967,0.763419
0.788177,-0.73018
0.710106,-0.673921
0.617272,0.806501
0.587711,-0.680924
0.707399,-0.740047
-0.732807,-0.618904
0.553709,-0.730926
-0.714497,0.748442
0.672356,0.760786
0.676785,-0.707554
0.68358,-0.581744
-0.597658,-0.782818
-0.732042,0.763147
-0.746813,0.783305
-0.673672,0.724215
-0.679905,-0.732593
-0.693671,-0.599625
-0.810161,-0.645878
-0.716156,0.76539
0.785261,-0.620677
-0.78972,-0.81691
-0.717099,0.650771
-0.756363,0.739707
-0.674431,-0.698358
-0.6714,-0.653459
-0.625031,-0.678191
-0.780597,0.766659
-0.710424,0.712256
0.735209,-0.714798
0.638092,-0.707628
-0.752028,0.710595
-0.728244,-0.64524
0.738331,-0.752966
-0.68963,-0.79062
0.714336,0.923275
-0.702007,0.7716
0.682065,0.720013
-0.75141,0.709705
0.745323,-0.635094
0.72965,0.689713
-0.720436,0.735359
-0.647382,-0.687828
-0.642287,-0.771802
-0.662955,-0.677348
0.679984,0.752608
-0.615431,-0.66906
0.717051,-0.604497
0.675966,0.773076
-0.722998,-0.587712
-0.746391,0.645514
-0.608674,-0.735123
-0.722043,0.793021
-0.693605,-0.724399
0.757613,-0.610383
-0.764384,-0.778666
-0.665687,0.702169
0.711088,-0.769077
-0.693753,0.770877
0.708573,-0.631392
-0.668268,-0.741445
-0.762138,0.68507
-0.670431,-0.679963
-0.65581,0.79113
-0.699938,-0.744155
0.729872,-0.721539
-0.73954,0.668246
0.745203,0.819679
-0.675779,0.739209
-0.636166,-0.821221
0.728758,-0.701386
-0.684063,0.73527
-0.742683,-0.592361
0.785944,-0.692293
-0.711289,-0.694494
0.75321,0.671035
0.617903,-0.691062
0.673924,0.670475
0.746062,-0.648719
-0.685,0.663394
-0.717992,0.755596
0.678198,0.706403
-0.656022,-0.778543
-0.716793,0.625679
0.731838,0.702292
0.682496,-0.723697
0.786265,0.742162
-0.733674,0.674334
-0.726207,-0.794708
-0.715062,-0.669242
-0.746142,-0.640362
0.718601,-0.768576
-0.700201,0.731107
-0.839533,-0.712511
-0.626079,-0.757277
0.755703,-0.715097
0.68466,0.706922
0.686181,-0.676057
0.742019,-0.6693
-0.76798,0.754541
-0.64168,-0.771509
0.705598,0.719243
-0.69405,0.694454
-0.738243,-0.621368
-0.630527,0.815074
0.729426,-0.646394
0.728719,0.719179
-0.707831,-0.602695
-0.698346,0.768349
0.717025,0.798856
-0.593696,0.751544
-0.743566,0.656818
0.703854,-0.740073
-0.722189,-0.802497
0.739969,-0.663949
0.65411,-0.710433
-0.694424,0.729498
0.751809,-0.616461
0.745896,-0.666227
-0.76733,0.719364
0.773947,0.734294
0.799771,-0.71436
-0.737369,-0.671909
-0.792669,-0.68402
-0.728629,0.765329
0.691888,0.710177
0.633746,0.694703
0.631014,0.739316
-0.744806,0.710091
0.692755,-0.639984
-0.748121,-0.698804
-0.705424,-0.715154
-0.718902,0.782031
-0.611851,0.771992
-0.691087,-0.815755
-0.787687,0.647764
0.679507,0.752385
-0.739398,-0.735476
-0.695466,-0.673138
-0.673103,-0.807124
-0.718016,-0.710456
-0.697746,-0.603139
-0.729792,0.599529
